id,name
mgr_warnaque,Warnaque
mgr_bimbam,BimBam
mgr_traki,Traki
mgr_viper,Viper
mgr_neyko,Neyko
mgr_zidane,Zidane
mgr_lebron,LeBron
mgr_messi,Messi
mgr_ronaldo,Ronaldo
mgr_mbappé,Mbappé
mgr_kdb,KDB
